,author,rating,title,content,date,verified,image_url
0,Susan’s Healthy Juice Tips,5.0 ,Apple products excellent quality and service provision great!,"
So advanced and fast, so easy to set up and use.
Read more",Reviewed in Australia on 8 November 2024,Verified Purchase,
1,Diane,5.0 ,Great product,"
Great product at a great price.
Read more",Reviewed in Australia on 22 October 2024,Verified Purchase,
2,Newmo,5.0 ,Another great iPad,"
Basically a replacement for an ageing iPad Air 2. Works beautifully and hopefully will be upgradeable for a few more years. Nice to have an up to date and secure operating system.
Read more",Reviewed in Australia on 29 October 2024,Verified Purchase,
3,IH,5.0 ,Can’t go wrong with Apple product,"
Good price and colour selection, quick delivery.
Read more",Reviewed in Australia on 23 November 2024,Verified Purchase,
4,Angelbayb,5.0 ,Grea iPad,"
Really good product easy to use easy to put away great battery quite good price
Read more",Reviewed in Australia on 20 September 2024,Verified Purchase,
5,Pamela,4.0 ,Great iPad.,"
Love this. Exactly what I need.
Read more",Reviewed in Australia on 28 August 2024,Verified Purchase,
6,Sue,5.0 ,ipad 10.9,"
great ipad works real fast , great value
Read more",Reviewed in Australia on 4 December 2024,Verified Purchase,
7,Mr Terry W Boland,5.0 ,Great iPad,"
Easy set and and good buy through Amazon
Read more",Reviewed in Australia on 12 October 2024,Verified Purchase,
